{
    "Metrics/APE_root/mean": 403.5024353027344,
    "Metrics/APE_root/conf_interval": 1.3937937548405401,
    "Metrics/APE_traj/mean": 385.1115264892578,
    "Metrics/APE_traj/conf_interval": 1.3918844790314706,
    "Metrics/APE_mean_pose/mean": 125.50632438659667,
    "Metrics/APE_mean_pose/conf_interval": 0.24739376568090835,
    "Metrics/APE_mean_joints/mean": 421.46337890625,
    "Metrics/APE_mean_joints/conf_interval": 1.4639084684515586,
    "Metrics/AVE_root/mean": 142285.15390625,
    "Metrics/AVE_root/conf_interval": 956.0696430213816,
    "Metrics/AVE_traj/mean": 141930.10859375,
    "Metrics/AVE_traj/conf_interval": 955.6841089586603,
    "Metrics/AVE_mean_pose/mean": 12080.481396484374,
    "Metrics/AVE_mean_pose/conf_interval": 92.92092870539746,
    "Metrics/AVE_mean_joints/mean": 143483.73359375,
    "Metrics/AVE_mean_joints/conf_interval": 949.2317663948292,
    "Metrics/Matching_score/mean": 5.377546000480652,
    "Metrics/Matching_score/conf_interval": 0.014315174425471696,
    "Metrics/gt_Matching_score/mean": 2.7199607849121095,
    "Metrics/gt_Matching_score/conf_interval": 0.013736443921989347,
    "Metrics/R_precision_top_1/mean": 0.2337053559720516,
    "Metrics/R_precision_top_1/conf_interval": 0.0040069682488994215,
    "Metrics/R_precision_top_2/mean": 0.38474702537059785,
    "Metrics/R_precision_top_2/conf_interval": 0.004064932782149443,
    "Metrics/R_precision_top_3/mean": 0.4927083313465118,
    "Metrics/R_precision_top_3/conf_interval": 0.004611192768385957,
    "Metrics/gt_R_precision_top_1/mean": 0.42187499552965163,
    "Metrics/gt_R_precision_top_1/conf_interval": 0.0066109303987300985,
    "Metrics/gt_R_precision_top_2/mean": 0.6540922611951828,
    "Metrics/gt_R_precision_top_2/conf_interval": 0.0066269190463487185,
    "Metrics/gt_R_precision_top_3/mean": 0.7817708343267441,
    "Metrics/gt_R_precision_top_3/conf_interval": 0.0055350411729681364,
    "Metrics/FID/mean": 5.348984026908875,
    "Metrics/FID/conf_interval": 0.04931867065224378,
    "Metrics/Diversity/mean": 9.681127882003784,
    "Metrics/Diversity/conf_interval": 0.09448207754391595,
    "Metrics/gt_Diversity/mean": 10.96280550956726,
    "Metrics/gt_Diversity/conf_interval": 0.07936369387430126,
    "Metrics/MultiModality/mean": 0.30067037269473074,
    "Metrics/MultiModality/conf_interval": 0.018743119804277657,
    "Metrics/APE_root": [
        403.3692321777344,
        399.3561706542969,
        398.566650390625,
        401.9991455078125,
        400.6679992675781,
        401.4986267089844,
        401.1156311035156,
        400.3154602050781,
        405.74615478515625,
        399.41058349609375,
        404.8892822265625,
        407.31475830078125,
        411.4931335449219,
        405.455810546875,
        404.798828125,
        404.4017333984375,
        405.6885681152344,
        407.2668151855469,
        402.0914306640625,
        404.6026916503906
    ],
    "Metrics/APE_traj": [
        385.498046875,
        381.3033447265625,
        380.01910400390625,
        383.7660827636719,
        381.8874816894531,
        383.4335021972656,
        382.6993713378906,
        381.54461669921875,
        387.2253112792969,
        381.32977294921875,
        386.28851318359375,
        388.9676818847656,
        392.9426574707031,
        387.30755615234375,
        386.0320129394531,
        385.9740905761719,
        387.2868957519531,
        389.16436767578125,
        383.4698486328125,
        386.09027099609375
    ],
    "Metrics/APE_mean_pose": [
        125.13311004638672,
        124.55520629882812,
        125.45360565185547,
        126.41564178466797,
        125.83599090576172,
        125.967041015625,
        125.82218170166016,
        124.97077178955078,
        125.68623352050781,
        125.49329376220703,
        125.23944091796875,
        125.6155014038086,
        124.61907958984375,
        125.25359344482422,
        126.45928955078125,
        125.7711181640625,
        124.87342071533203,
        125.10466003417969,
        126.60983276367188,
        125.24747467041016
    ],
    "Metrics/APE_mean_joints": [
        421.267578125,
        418.2319030761719,
        416.351806640625,
        421.02880859375,
        417.9689636230469,
        420.3314208984375,
        419.0862731933594,
        417.0491638183594,
        422.7362060546875,
        416.60833740234375,
        423.880615234375,
        424.99810791015625,
        429.1838684082031,
        423.1656799316406,
        422.6860046386719,
        421.8274230957031,
        424.1561279296875,
        427.083984375,
        420.3859558105469,
        421.2393493652344
    ],
    "Metrics/AVE_root": [
        144623.78125,
        138264.484375,
        142512.25,
        140651.328125,
        141682.234375,
        139444.984375,
        141921.078125,
        141705.796875,
        142391.328125,
        139153.8125,
        141081.46875,
        144158.453125,
        146426.828125,
        142423.078125,
        140126.546875,
        144460.0,
        146433.71875,
        143522.65625,
        141402.578125,
        143316.671875
    ],
    "Metrics/AVE_traj": [
        144261.265625,
        137924.0,
        142153.15625,
        140313.78125,
        141320.53125,
        139092.859375,
        141571.984375,
        141314.4375,
        142032.796875,
        138816.15625,
        140685.71875,
        143835.1875,
        146050.75,
        142093.765625,
        139766.21875,
        144091.609375,
        146095.109375,
        143213.765625,
        141041.71875,
        142927.359375
    ],
    "Metrics/AVE_mean_pose": [
        12041.5673828125,
        11827.18359375,
        12259.4326171875,
        12383.19140625,
        12206.9521484375,
        12037.6279296875,
        12294.6806640625,
        11960.119140625,
        11922.9248046875,
        12308.52734375,
        11754.365234375,
        11953.158203125,
        11868.7109375,
        12126.37109375,
        11838.6884765625,
        12138.205078125,
        11847.962890625,
        12165.416015625,
        12592.41796875,
        12082.125
    ],
    "Metrics/AVE_mean_joints": [
        145241.03125,
        139445.09375,
        143101.125,
        142504.40625,
        141824.765625,
        141428.234375,
        143268.140625,
        143242.921875,
        143275.59375,
        140483.4375,
        142999.359375,
        144535.53125,
        148208.96875,
        143102.84375,
        142036.21875,
        146977.40625,
        147501.71875,
        144700.5625,
        142280.609375,
        143516.703125
    ],
    "Metrics/Matching_score": [
        5.391974925994873,
        5.329484939575195,
        5.381007194519043,
        5.351572036743164,
        5.351314067840576,
        5.355549335479736,
        5.394387245178223,
        5.362703800201416,
        5.436751365661621,
        5.365124702453613,
        5.372543811798096,
        5.382683753967285,
        5.35880184173584,
        5.393898010253906,
        5.359167575836182,
        5.402948379516602,
        5.471704006195068,
        5.395442485809326,
        5.353387355804443,
        5.340473175048828
    ],
    "Metrics/gt_Matching_score": [
        2.726870059967041,
        2.734342098236084,
        2.704965591430664,
        2.6776156425476074,
        2.723639488220215,
        2.7091803550720215,
        2.6525866985321045,
        2.7539565563201904,
        2.7448270320892334,
        2.707385778427124,
        2.7501981258392334,
        2.7088091373443604,
        2.6994550228118896,
        2.6953341960906982,
        2.8050894737243652,
        2.705690622329712,
        2.7488210201263428,
        2.729841709136963,
        2.701934576034546,
        2.718672513961792
    ],