{
    "Metrics/APE_root/mean": 0.4143798857927322,
    "Metrics/APE_root/conf_interval": 0.00036134428034438116,
    "Metrics/APE_traj/mean": 0.391323122382164,
    "Metrics/APE_traj/conf_interval": 0.0003565036554838381,
    "Metrics/APE_mean_pose/mean": 0.12408584542572498,
    "Metrics/APE_mean_pose/conf_interval": 5.2152268339773326e-05,
    "Metrics/APE_mean_joints/mean": 0.4466284826397896,
    "Metrics/APE_mean_joints/conf_interval": 0.0003332045297853691,
    "Metrics/AVE_root/mean": 0.15929715111851692,
    "Metrics/AVE_root/conf_interval": 0.00011009622122554573,
    "Metrics/AVE_traj/mean": 0.15827553644776343,
    "Metrics/AVE_traj/conf_interval": 0.00010956306288218291,
    "Metrics/AVE_mean_pose/mean": 0.006938186846673489,
    "Metrics/AVE_mean_pose/conf_interval": 3.7744893780864747e-06,
    "Metrics/AVE_mean_joints/mean": 0.16366773322224618,
    "Metrics/AVE_mean_joints/conf_interval": 0.00010767242895192405,
    "Metrics/Matching_score/mean": 6.871645593643189,
    "Metrics/Matching_score/conf_interval": 0.008565092745357494,
    "Metrics/gt_Matching_score/mean": 2.9674912452697755,
    "Metrics/gt_Matching_score/conf_interval": 0.0068719151583952085,
    "Metrics/R_precision_top_1/mean": 0.07177801765501499,
    "Metrics/R_precision_top_1/conf_interval": 0.0009546341580881162,
    "Metrics/R_precision_top_2/mean": 0.13661638051271438,
    "Metrics/R_precision_top_2/conf_interval": 0.0017038265534265983,
    "Metrics/R_precision_top_3/mean": 0.19628232792019845,
    "Metrics/R_precision_top_3/conf_interval": 0.0020023202419492134,
    "Metrics/gt_R_precision_top_1/mean": 0.5162392258644104,
    "Metrics/gt_R_precision_top_1/conf_interval": 0.0018252638538952873,
    "Metrics/gt_R_precision_top_2/mean": 0.7063900828361511,
    "Metrics/gt_R_precision_top_2/conf_interval": 0.001933730167464874,
    "Metrics/gt_R_precision_top_3/mean": 0.7990948230028152,
    "Metrics/gt_R_precision_top_3/conf_interval": 0.001770008766292307,
    "Metrics/FID/mean": 21.659657382965086,
    "Metrics/FID/conf_interval": 0.04105890321461532,
    "Metrics/Diversity/mean": 5.776230025291443,
    "Metrics/Diversity/conf_interval": 0.07499840394336012,
    "Metrics/gt_Diversity/mean": 9.556476879119874,
    "Metrics/gt_Diversity/conf_interval": 0.080914604959694,
    "Metrics/MultiModality/mean": 2.6325403451919556,
    "Metrics/MultiModality/conf_interval": 0.08615647966525666,
    "Metrics/APE_root": [
        0.4159158766269684,
        0.4147346615791321,
        0.413534551858902,
        0.41328275203704834,
        0.4147340655326843,
        0.41374725103378296,
        0.4139805734157562,
        0.4146515130996704,
        0.4163323640823364,
        0.41508883237838745,
        0.4147627651691437,
        0.4133231043815613,
        0.4154198467731476,
        0.4137367308139801,
        0.41402989625930786,
        0.4142482578754425,
        0.4143306612968445,
        0.41358909010887146,
        0.4145297706127167,
        0.41362515091896057
    ],
    "Metrics/APE_traj": [
        0.3928264379501343,
        0.39167073369026184,
        0.3904741406440735,
        0.3903470039367676,
        0.39173808693885803,
        0.3908189833164215,
        0.3909135162830353,
        0.39165186882019043,
        0.3932582437992096,
        0.39203208684921265,
        0.3917417824268341,
        0.3901510238647461,
        0.3922642469406128,
        0.3907158374786377,
        0.39092791080474854,
        0.39106717705726624,
        0.39140501618385315,
        0.39052656292915344,
        0.39135825634002686,
        0.39057353138923645
    ],
    "Metrics/APE_mean_pose": [
        0.12418296188116074,
        0.12387474626302719,
        0.12421128153800964,
        0.12404108047485352,
        0.12427520006895065,
        0.12393669039011002,
        0.12401262670755386,
        0.12420780956745148,
        0.12414220720529556,
        0.12411750108003616,
        0.12411495298147202,
        0.124062679708004,
        0.12431158870458603,
        0.12395201623439789,
        0.12409240752458572,
        0.12402214854955673,
        0.12398777157068253,
        0.12412785738706589,
        0.12388943880796432,
        0.12415394186973572
    ],
    "Metrics/APE_mean_joints": [
        0.4480973780155182,
        0.4468501806259155,
        0.44605332612991333,
        0.4455301761627197,
        0.4470060169696808,
        0.44598519802093506,
        0.44639861583709717,
        0.44691646099090576,
        0.44833266735076904,
        0.44712698459625244,
        0.4470135271549225,
        0.4457613527774811,
        0.4476844370365143,
        0.4459109604358673,
        0.4463293254375458,
        0.44649943709373474,
        0.44663581252098083,
        0.44577085971832275,
        0.4467948377132416,
        0.44587209820747375
    ],
    "Metrics/AVE_root": [
        0.15939907729625702,
        0.15943308174610138,
        0.1590002328157425,
        0.15865203738212585,
        0.15906423330307007,
        0.15911002457141876,
        0.1592828780412674,
        0.15916796028614044,
        0.1596001237630844,
        0.15936331450939178,
        0.15950456261634827,
        0.1590764820575714,
        0.15957504510879517,
        0.15948064625263214,
        0.1593036949634552,
        0.15922202169895172,
        0.15942838788032532,
        0.1595202386379242,
        0.15972425043582916,
        0.15903472900390625
    ],
    "Metrics/AVE_traj": [
        0.1583695113658905,
        0.15841110050678253,
        0.1579853594303131,
        0.15763461589813232,
        0.15806250274181366,
        0.15808968245983124,
        0.15825921297073364,
        0.15812036395072937,
        0.15856964886188507,
        0.15834271907806396,
        0.15849672257900238,
        0.15805932879447937,
        0.15855003893375397,
        0.15844015777111053,
        0.15828117728233337,
        0.15820641815662384,
        0.15842849016189575,
        0.15849827229976654,
        0.15870240330696106,
        0.15800300240516663
    ],
    "Metrics/AVE_mean_pose": [
        0.006942140869796276,
        0.00693169329315424,
        0.006941493134945631,
        0.00694519467651844,
        0.0069374931044876575,
        0.006934696808457375,
        0.006931482348591089,
        0.006939063314348459,
        0.006916387472301722,
        0.006945059169083834,
        0.006955411750823259,
        0.0069481730461120605,
        0.006947576534003019,
        0.006930727977305651,
        0.006941715721040964,
        0.006941718980669975,
        0.006927386857569218,
        0.006938175763934851,
        0.006928194314241409,
        0.006939951796084642
    ],
    "Metrics/AVE_mean_joints": [
        0.16377653181552887,
        0.1638336032629013,
        0.16339392960071564,
        0.16305133700370789,
        0.1634478121995926,
        0.1634817123413086,
        0.16363190114498138,
        0.16354654729366302,
        0.16393020749092102,
        0.16374565660953522,
        0.16388453543186188,
        0.1634313017129898,
        0.1639564037322998,
        0.1638389527797699,
        0.1636703759431839,
        0.16359324753284454,
        0.16377957165241241,
        0.16386868059635162,
        0.16410161554813385,
        0.16339074075222015
    ],
    "Metrics/Matching_score": [
        6.8596696853637695,
        6.861713409423828,
        6.870851039886475,
        6.877394676208496,
        6.846441268920898,
        6.835242748260498,
        6.890117168426514,
        6.879439353942871,
        6.917119026184082,
        6.888411521911621,
        6.8761820793151855,
        6.860001564025879,
        6.903512001037598,
        6.865002632141113,
        6.874399185180664,
        6.862298488616943,
        6.8473334312438965,
        6.8924360275268555,
        6.871518611907959,
        6.853827953338623
    ],