{
    "Metrics/APE_root/mean": 0.5331526279449463,
    "Metrics/APE_root/conf_interval": 0.0029232661887246547,
    "Metrics/APE_traj/mean": 0.5118983387947083,
    "Metrics/APE_traj/conf_interval": 0.0029797890695312996,
    "Metrics/APE_mean_pose/mean": 0.1102808728814125,
    "Metrics/APE_mean_pose/conf_interval": 4.592537875143082e-05,
    "Metrics/APE_mean_joints/mean": 0.5531964778900147,
    "Metrics/APE_mean_joints/conf_interval": 0.002875252671427387,
    "Metrics/AVE_root/mean": 0.25105447694659233,
    "Metrics/AVE_root/conf_interval": 0.0030349276934882492,
    "Metrics/AVE_traj/mean": 0.2501890443265438,
    "Metrics/AVE_traj/conf_interval": 0.003036944123973853,
    "Metrics/AVE_mean_pose/mean": 0.00682559753768146,
    "Metrics/AVE_mean_pose/conf_interval": 2.4139671515496634e-06,
    "Metrics/AVE_mean_joints/mean": 0.2540358915925026,
    "Metrics/AVE_mean_joints/conf_interval": 0.0030310547107208386,
    "Metrics/Matching_score/mean": 7.558406567573547,
    "Metrics/Matching_score/conf_interval": 0.008633062145630394,
    "Metrics/gt_Matching_score/mean": 2.9738110303878784,
    "Metrics/gt_Matching_score/conf_interval": 0.00727414607528724,
    "Metrics/R_precision_top_1/mean": 0.06248922422528267,
    "Metrics/R_precision_top_1/conf_interval": 0.0009042392550327267,
    "Metrics/R_precision_top_2/mean": 0.11807112097740173,
    "Metrics/R_precision_top_2/conf_interval": 0.0011048664268176822,
    "Metrics/R_precision_top_3/mean": 0.1703017234802246,
    "Metrics/R_precision_top_3/conf_interval": 0.0016562165664147964,
    "Metrics/gt_R_precision_top_1/mean": 0.5114439651370049,
    "Metrics/gt_R_precision_top_1/conf_interval": 0.002644375425185197,
    "Metrics/gt_R_precision_top_2/mean": 0.7031034529209137,
    "Metrics/gt_R_precision_top_2/conf_interval": 0.002161418549525901,
    "Metrics/gt_R_precision_top_3/mean": 0.7980603486299515,
    "Metrics/gt_R_precision_top_3/conf_interval": 0.0024988510560870494,
    "Metrics/FID/mean": 34.012326049804685,
    "Metrics/FID/conf_interval": 0.09826404320400886,
    "Metrics/Diversity/mean": 5.472222471237183,
    "Metrics/Diversity/conf_interval": 0.08039725482523162,
    "Metrics/gt_Diversity/mean": 9.55820608139038,
    "Metrics/gt_Diversity/conf_interval": 0.11677532612698449,
    "Metrics/MultiModality/mean": 1.2456304609775544,
    "Metrics/MultiModality/conf_interval": 0.06646442259049291,
    "Metrics/APE_root": [
        0.543464183807373,
        0.5314411520957947,
        0.5251317620277405,
        0.5395062565803528,
        0.5425357222557068,
        0.5372418165206909,
        0.5215076208114624,
        0.5320653319358826,
        0.5321727991104126,
        0.5314946174621582,
        0.5275480151176453,
        0.5325009226799011,
        0.5398858785629272,
        0.5415856838226318,
        0.5338305830955505,
        0.5216313004493713,
        0.5408391952514648,
        0.5336756110191345,
        0.5310848355293274,
        0.5239092707633972
    ],
    "Metrics/APE_traj": [
        0.522607684135437,
        0.5100457668304443,
        0.5038946866989136,
        0.5184309482574463,
        0.521235466003418,
        0.5159227848052979,
        0.5001020431518555,
        0.5106603503227234,
        0.5109789967536926,
        0.509865939617157,
        0.5062921643257141,
        0.5113605260848999,
        0.5187634825706482,
        0.5205166339874268,
        0.5126196146011353,
        0.49996793270111084,
        0.5197902321815491,
        0.5124484300613403,
        0.5099626779556274,
        0.5025004148483276
    ],
    "Metrics/APE_mean_pose": [
        0.11041127145290375,
        0.11033250391483307,
        0.11028039455413818,
        0.11027238517999649,
        0.11058534681797028,
        0.11026839166879654,
        0.11024700105190277,
        0.11034253984689713,
        0.11027633398771286,
        0.11017966270446777,
        0.11020708829164505,
        0.1101447194814682,
        0.11014721542596817,
        0.11012055724859238,
        0.11019908636808395,
        0.11037742346525192,
        0.11031845211982727,
        0.11031845211982727,
        0.11034456640481949,
        0.11024406552314758
    ],
    "Metrics/APE_mean_joints": [
        0.5632362365722656,
        0.5514398813247681,
        0.5452441573143005,
        0.5594143271446228,
        0.5624492764472961,
        0.5572206377983093,
        0.5416199564933777,
        0.5521947741508484,
        0.5522724986076355,
        0.551821231842041,
        0.5477352738380432,
        0.5527071356773376,
        0.5598463416099548,
        0.5616616010665894,
        0.553884744644165,
        0.5420465469360352,
        0.5605571269989014,
        0.5535951256752014,
        0.5510456562042236,
        0.5439370274543762
    ],
    "Metrics/AVE_root": [
        0.26318952441215515,
        0.2454816699028015,
        0.2407401204109192,
        0.250656396150589,
        0.2575828433036804,
        0.25566819310188293,
        0.23906007409095764,
        0.2498597502708435,
        0.2524508833885193,
        0.25135383009910583,
        0.2483590692281723,
        0.25077053904533386,
        0.2604764699935913,
        0.2604030668735504,
        0.25035569071769714,
        0.24439679086208344,
        0.2614254057407379,
        0.25216740369796753,
        0.2452155202627182,
        0.24147629737854004
    ],
    "Metrics/AVE_traj": [
        0.26233842968940735,
        0.24459631741046906,
        0.2398637980222702,
        0.24980281293392181,
        0.25672438740730286,
        0.2548212707042694,
        0.23818300664424896,
        0.24899418652057648,
        0.25156286358833313,
        0.250474214553833,
        0.24749566614627838,
        0.2499331384897232,
        0.25963401794433594,
        0.25955602526664734,
        0.2494831383228302,
        0.2435201108455658,
        0.2605263292789459,
        0.25130224227905273,
        0.2443440556526184,
        0.24062487483024597
    ],
    "Metrics/AVE_mean_pose": [
        0.006823720410466194,
        0.006829305551946163,
        0.006826777011156082,
        0.006829100660979748,
        0.0068268864415585995,
        0.006820801179856062,
        0.006828672718256712,
        0.006830638274550438,
        0.006817257963120937,
        0.0068376511335372925,
        0.006826442200690508,
        0.006825604941695929,
        0.006817821878939867,
        0.006822663825005293,
        0.006812676787376404,
        0.006824858020991087,
        0.0068222940899431705,
        0.006827723700553179,
        0.006830262951552868,
        0.006830791011452675
    ],
    "Metrics/AVE_mean_joints": [
        0.26611560583114624,
        0.24838849902153015,
        0.24368251860141754,
        0.2535538971424103,
        0.26054704189300537,
        0.25863152742385864,
        0.2420801967382431,
        0.25297534465789795,
        0.25533369183540344,
        0.2543850243091583,
        0.25124865770339966,
        0.2538546919822693,
        0.2635020315647125,
        0.2634197771549225,
        0.2532796263694763,
        0.24749821424484253,
        0.2643846571445465,
        0.25514453649520874,
        0.24816536903381348,
        0.2445269227027893
    ],
    "Metrics/Matching_score": [
        7.563920021057129,
        7.576992034912109,
        7.566956043243408,
        7.6133646965026855,
        7.544323444366455,
        7.538719654083252,
        7.559496879577637,
        7.535407066345215,
        7.544825077056885,
        7.5590691566467285,
        7.555701732635498,
        7.5713958740234375,
        7.56300687789917,
        7.528995513916016,
        7.535235404968262,
        7.563714027404785,
        7.569324016571045,
        7.577296733856201,
        7.530805587768555,
        7.569581508636475
    ],