{
    "Metrics/APE_root/mean": 0.5209787726402283,
    "Metrics/APE_root/conf_interval": 0.0012285575686024897,
    "Metrics/APE_traj/mean": 0.49616392254829406,
    "Metrics/APE_traj/conf_interval": 0.0011919031959259352,
    "Metrics/APE_mean_pose/mean": 0.12934836745262146,
    "Metrics/APE_mean_pose/conf_interval": 0.00015526374136793107,
    "Metrics/APE_mean_joints/mean": 0.5521854519844055,
    "Metrics/APE_mean_joints/conf_interval": 0.001242398684190556,
    "Metrics/AVE_root/mean": 0.15933616682887078,
    "Metrics/AVE_root/conf_interval": 0.000561222962661167,
    "Metrics/AVE_traj/mean": 0.15835457667708397,
    "Metrics/AVE_traj/conf_interval": 0.0005591159925535542,
    "Metrics/AVE_mean_pose/mean": 0.006573806703090668,
    "Metrics/AVE_mean_pose/conf_interval": 1.2792221450282947e-05,
    "Metrics/AVE_mean_joints/mean": 0.1608491599559784,
    "Metrics/AVE_mean_joints/conf_interval": 0.0005540460820731184,
    "Metrics/Matching_score/mean": 4.6687949895858765,
    "Metrics/Matching_score/conf_interval": 0.008036002307757204,
    "Metrics/gt_Matching_score/mean": 2.9738110303878784,
    "Metrics/gt_Matching_score/conf_interval": 0.00727414607528724,
    "Metrics/R_precision_top_1/mean": 0.28557112365961074,
    "Metrics/R_precision_top_1/conf_interval": 0.002798548315982334,
    "Metrics/R_precision_top_2/mean": 0.45169180929660796,
    "Metrics/R_precision_top_2/conf_interval": 0.002883924845605684,
    "Metrics/R_precision_top_3/mean": 0.5678771585226059,
    "Metrics/R_precision_top_3/conf_interval": 0.002300597999124613,
    "Metrics/gt_R_precision_top_1/mean": 0.5114439651370049,
    "Metrics/gt_R_precision_top_1/conf_interval": 0.002644375425185197,
    "Metrics/gt_R_precision_top_2/mean": 0.7031034529209137,
    "Metrics/gt_R_precision_top_2/conf_interval": 0.002161418549525901,
    "Metrics/gt_R_precision_top_3/mean": 0.7980603486299515,
    "Metrics/gt_R_precision_top_3/conf_interval": 0.0024988510560870494,
    "Metrics/FID/mean": 7.644947981834411,
    "Metrics/FID/conf_interval": 0.04689095375337697,
    "Metrics/Diversity/mean": 8.628114318847656,
    "Metrics/Diversity/conf_interval": 0.0943990484543905,
    "Metrics/gt_Diversity/mean": 9.55820608139038,
    "Metrics/gt_Diversity/conf_interval": 0.11677532612698449,
    "Metrics/MultiModality/mean": 0.622817276418209,
    "Metrics/MultiModality/conf_interval": 0.0331282198508388,
    "Metrics/APE_root": [
        0.5160889625549316,
        0.5227715969085693,
        0.5176944136619568,
        0.5234696865081787,
        0.5155024528503418,
        0.5218243598937988,
        0.5224273800849915,
        0.520806610584259,
        0.5255048871040344,
        0.522358775138855,
        0.5213853120803833,
        0.5193501114845276,
        0.5179697275161743,
        0.5241149067878723,
        0.5244283080101013,
        0.5201630592346191,
        0.5167537331581116,
        0.5218899846076965,
        0.522439181804657,
        0.5226320028305054
    ],
    "Metrics/APE_traj": [
        0.49140235781669617,
        0.4982278347015381,
        0.4931776523590088,
        0.49896517395973206,
        0.4910057783126831,
        0.4971596598625183,
        0.49727606773376465,
        0.4957839846611023,
        0.5003458857536316,
        0.49731284379959106,
        0.4965791404247284,
        0.4941931366920471,
        0.4934656620025635,
        0.4993918836116791,
        0.499573677778244,
        0.49486926198005676,
        0.49219226837158203,
        0.4968133270740509,
        0.49769169092178345,
        0.49785116314888
    ],
    "Metrics/APE_mean_pose": [
        0.12927097082138062,
        0.12891964614391327,
        0.12871095538139343,
        0.1289697140455246,
        0.12904240190982819,
        0.12891152501106262,
        0.12986283004283905,
        0.1299368292093277,
        0.12982210516929626,
        0.1295369416475296,
        0.129550963640213,
        0.1295931190252304,
        0.12916898727416992,
        0.12937526404857635,
        0.12936995923519135,
        0.12978747487068176,
        0.1292358636856079,
        0.1295648217201233,
        0.1288822442293167,
        0.12945473194122314
    ],
    "Metrics/APE_mean_joints": [
        0.5473702549934387,
        0.5540371537208557,
        0.5488154292106628,
        0.5550448894500732,
        0.5468087196350098,
        0.552737295627594,
        0.5534229874610901,
        0.552006721496582,
        0.5568436980247498,
        0.5533237457275391,
        0.5526040196418762,
        0.5508109927177429,
        0.5489913821220398,
        0.5552400350570679,
        0.5557364821434021,
        0.5512372255325317,
        0.547813892364502,
        0.5532039403915405,
        0.5535692572593689,
        0.5540909171104431
    ],
    "Metrics/AVE_root": [
        0.1587623953819275,
        0.1584588587284088,
        0.1586756557226181,
        0.16045230627059937,
        0.1589631885290146,
        0.15979363024234772,
        0.15727384388446808,
        0.1600426435470581,
        0.1614772230386734,
        0.15936541557312012,
        0.15832749009132385,
        0.16117124259471893,
        0.1576666384935379,
        0.15965402126312256,
        0.15953883528709412,
        0.16095352172851562,
        0.15697938203811646,
        0.16139139235019684,
        0.15921847522258759,
        0.15855717658996582
    ],
    "Metrics/AVE_traj": [
        0.15774960815906525,
        0.15747064352035522,
        0.15774357318878174,
        0.15948717296123505,
        0.15796929597854614,
        0.15878106653690338,
        0.15630878508090973,
        0.15906868875026703,
        0.160504549741745,
        0.15840961039066315,
        0.15735812485218048,
        0.16016791760921478,
        0.1566750556230545,
        0.158658966422081,
        0.15854477882385254,
        0.15994954109191895,
        0.15602470934391022,
        0.1604190170764923,
        0.15823030471801758,
        0.15757012367248535
    ],
    "Metrics/AVE_mean_pose": [
        0.006606673821806908,
        0.00659728329628706,
        0.0065265437588095665,
        0.006529215723276138,
        0.006585479248315096,
        0.006603995803743601,
        0.006532811094075441,
        0.006573915481567383,
        0.0065886471420526505,
        0.006586545147001743,
        0.006557568907737732,
        0.006633968558162451,
        0.006553241051733494,
        0.006587561219930649,
        0.006602743174880743,
        0.006594025529921055,
        0.006571102421730757,
        0.0065332804806530476,
        0.006551733706146479,
        0.006559798493981361
    ],
    "Metrics/AVE_mean_joints": [
        0.16030053794384003,
        0.1600111424922943,
        0.16028553247451782,
        0.16202276945114136,
        0.16064980626106262,
        0.16141283512115479,
        0.15879274904727936,
        0.16163326799869537,
        0.16291140019893646,
        0.16065947711467743,
        0.159785196185112,
        0.16264517605304718,
        0.15926028788089752,
        0.16099746525287628,
        0.16088508069515228,
        0.1625751256942749,
        0.15857943892478943,
        0.16284161806106567,
        0.16075672209262848,
        0.15997757017612457
    ],
    "Metrics/Matching_score": [
        4.669757843017578,
        4.7072882652282715,
        4.670883655548096,
        4.653072357177734,
        4.668888568878174,
        4.671914577484131,
        4.6409783363342285,
        4.667647361755371,
        4.650138854980469,
        4.653357028961182,
        4.667261600494385,
        4.703306198120117,
        4.685269355773926,
        4.647017002105713,
        4.68795108795166,
        4.659562587738037,
        4.653984069824219,
        4.647233009338379,
        4.683584213256836,
        4.686803817749023
    ],