{
    "Metrics/APE_root/mean": 0.6940930217504502,
    "Metrics/APE_root/conf_interval": 0.002625562644495317,
    "Metrics/APE_traj/mean": 0.6758545219898224,
    "Metrics/APE_traj/conf_interval": 0.0026198451711546746,
    "Metrics/APE_mean_pose/mean": 0.11477160193026066,
    "Metrics/APE_mean_pose/conf_interval": 0.00013096286906483551,
    "Metrics/APE_mean_joints/mean": 0.7231744199991226,
    "Metrics/APE_mean_joints/conf_interval": 0.0026283748863966884,
    "Metrics/AVE_root/mean": 0.35374743342399595,
    "Metrics/AVE_root/conf_interval": 0.002685658404263316,
    "Metrics/AVE_traj/mean": 0.35306749045848845,
    "Metrics/AVE_traj/conf_interval": 0.0026854777467311863,
    "Metrics/AVE_mean_pose/mean": 0.006146924034692347,
    "Metrics/AVE_mean_pose/conf_interval": 2.188992550328508e-05,
    "Metrics/AVE_mean_joints/mean": 0.35736099928617476,
    "Metrics/AVE_mean_joints/conf_interval": 0.0026778728641628194,
    "Metrics/Matching_score/mean": 4.384609794616699,
    "Metrics/Matching_score/conf_interval": 0.007727422392598081,
    "Metrics/gt_Matching_score/mean": 2.9738110303878784,
    "Metrics/gt_Matching_score/conf_interval": 0.00727414607528724,
    "Metrics/R_precision_top_1/mean": 0.2877693951129913,
    "Metrics/R_precision_top_1/conf_interval": 0.002545876158769369,
    "Metrics/R_precision_top_2/mean": 0.44344827681779864,
    "Metrics/R_precision_top_2/conf_interval": 0.002932871743321618,
    "Metrics/R_precision_top_3/mean": 0.5515517234802246,
    "Metrics/R_precision_top_3/conf_interval": 0.0021113500735901306,
    "Metrics/gt_R_precision_top_1/mean": 0.5114439651370049,
    "Metrics/gt_R_precision_top_1/conf_interval": 0.002644375425185197,
    "Metrics/gt_R_precision_top_2/mean": 0.7031034529209137,
    "Metrics/gt_R_precision_top_2/conf_interval": 0.002161418549525901,
    "Metrics/gt_R_precision_top_3/mean": 0.7980603486299515,
    "Metrics/gt_R_precision_top_3/conf_interval": 0.0024988510560870494,
    "Metrics/FID/mean": 2.3969709992408754,
    "Metrics/FID/conf_interval": 0.02948035158834821,
    "Metrics/Diversity/mean": 8.921090173721314,
    "Metrics/Diversity/conf_interval": 0.08256568264302723,
    "Metrics/gt_Diversity/mean": 9.55820608139038,
    "Metrics/gt_Diversity/conf_interval": 0.11677532612698449,
    "Metrics/MultiModality/mean": 0.45664442181587217,
    "Metrics/MultiModality/conf_interval": 0.022070712228374156,
    "Metrics/APE_root": [
        0.691892683506012,
        0.6837999224662781,
        0.7032273411750793,
        0.6989084482192993,
        0.6873496174812317,
        0.698920488357544,
        0.6999039053916931,
        0.6937969923019409,
        0.6978592276573181,
        0.6887282133102417,
        0.6949451565742493,
        0.6916214823722839,
        0.7012072205543518,
        0.70026034116745,
        0.698218047618866,
        0.6900302171707153,
        0.6889095306396484,
        0.7008205056190491,
        0.6883551478385925,
        0.6831059455871582
    ],
    "Metrics/APE_traj": [
        0.6736745834350586,
        0.6655914187431335,
        0.6847571134567261,
        0.6804988384246826,
        0.6689578890800476,
        0.6806809902191162,
        0.6814993619918823,
        0.6752049922943115,
        0.6794471144676208,
        0.670633852481842,
        0.6769977807998657,
        0.6734450459480286,
        0.6831896901130676,
        0.6817506551742554,
        0.6799938678741455,
        0.6718122363090515,
        0.6710016131401062,
        0.683063268661499,
        0.6701220870018005,
        0.6647680401802063
    ],
    "Metrics/APE_mean_pose": [
        0.11467428505420685,
        0.11451747268438339,
        0.11521629989147186,
        0.11491438746452332,
        0.11464349925518036,
        0.11467503011226654,
        0.11502957344055176,
        0.11509232968091965,
        0.1146862655878067,
        0.11479298025369644,
        0.11440476775169373,
        0.11458660662174225,
        0.1143048033118248,
        0.11519359797239304,
        0.11527102440595627,
        0.11468818038702011,
        0.11428332328796387,
        0.11472470313310623,
        0.11454164981842041,
        0.1151912584900856
    ],
    "Metrics/APE_mean_joints": [
        0.7210147976875305,
        0.7128227353096008,
        0.7325705885887146,
        0.7281812429428101,
        0.7164127230644226,
        0.7279582619667053,
        0.7286479473114014,
        0.7228105664253235,
        0.7269938588142395,
        0.7177659273147583,
        0.7240930795669556,
        0.7208898067474365,
        0.7300865054130554,
        0.7292826175689697,
        0.7271994352340698,
        0.7191945314407349,
        0.7178904414176941,
        0.7299726605415344,
        0.717651903629303,
        0.7120487689971924
    ],
    "Metrics/AVE_root": [
        0.35267138481140137,
        0.34321004152297974,
        0.36714139580726624,
        0.35662347078323364,
        0.350045770406723,
        0.3552500307559967,
        0.35765305161476135,
        0.3458535373210907,
        0.35823577642440796,
        0.3554939925670624,
        0.3538406491279602,
        0.34954845905303955,
        0.35962462425231934,
        0.3625386655330658,
        0.3554171025753021,
        0.3501683175563812,
        0.34925293922424316,
        0.3591461181640625,
        0.3509939908981323,
        0.3422393500804901
    ],
    "Metrics/AVE_traj": [
        0.35200035572052,
        0.34249821305274963,
        0.3664622902870178,
        0.3559334874153137,
        0.3493521213531494,
        0.3545722961425781,
        0.35698041319847107,
        0.3452109098434448,
        0.3575555086135864,
        0.35480380058288574,
        0.3531590402126312,
        0.3488484025001526,
        0.35894402861595154,
        0.36184513568878174,
        0.3547247052192688,
        0.34950974583625793,
        0.3485777974128723,
        0.3584844470024109,
        0.350323885679245,
        0.34156322479248047
    ],
    "Metrics/AVE_mean_pose": [
        0.006165720522403717,
        0.006233434658497572,
        0.00621212599799037,
        0.006114661227911711,
        0.006104964762926102,
        0.006152827758342028,
        0.0061254040338099,
        0.006089463829994202,
        0.006140446290373802,
        0.00624024448916316,
        0.006060131825506687,
        0.0062065753154456615,
        0.006119057070463896,
        0.006178909447044134,
        0.006176462862640619,
        0.006100035272538662,
        0.006162198726087809,
        0.006097233854234219,
        0.006089504342526197,
        0.006169078405946493
    ],
    "Metrics/AVE_mean_joints": [
        0.35619106888771057,
        0.3467918932437897,
        0.3708078861236572,
        0.36012035608291626,
        0.35381627082824707,
        0.3588109612464905,
        0.36132359504699707,
        0.3495618999004364,
        0.361935555934906,
        0.3590252697467804,
        0.3575904667377472,
        0.3532012104988098,
        0.3632482886314392,
        0.3660617470741272,
        0.3589416444301605,
        0.3536793887615204,
        0.3530943691730499,
        0.36263906955718994,
        0.3545239269733429,
        0.34585511684417725
    ],
    "Metrics/Matching_score": [
        4.4265947341918945,
        4.377901077270508,
        4.396739482879639,
        4.398481369018555,
        4.3838300704956055,
        4.375733375549316,
        4.369837760925293,
        4.353185176849365,
        4.389984130859375,
        4.354059219360352,
        4.38771915435791,
        4.374481201171875,
        4.385054111480713,
        4.396500587463379,
        4.405953884124756,
        4.367242813110352,
        4.385449409484863,
        4.380045413970947,
        4.373130798339844,
        4.410272121429443
    ],