{
    "Metrics/APE_root/mean": 0.7004359811544418,
    "Metrics/APE_root/conf_interval": 0.0016030617578325524,
    "Metrics/APE_traj/mean": 0.6825631141662598,
    "Metrics/APE_traj/conf_interval": 0.0016153297840603516,
    "Metrics/APE_mean_pose/mean": 0.13721935153007508,
    "Metrics/APE_mean_pose/conf_interval": 0.00019121002541114618,
    "Metrics/APE_mean_joints/mean": 0.725358048081398,
    "Metrics/APE_mean_joints/conf_interval": 0.0015791775004546649,
    "Metrics/AVE_root/mean": 0.2579688236117363,
    "Metrics/AVE_root/conf_interval": 0.0011938214844958957,
    "Metrics/AVE_traj/mean": 0.25726213604211806,
    "Metrics/AVE_traj/conf_interval": 0.0011956355908052138,
    "Metrics/AVE_mean_pose/mean": 0.008597235893830657,
    "Metrics/AVE_mean_pose/conf_interval": 2.5448789223053976e-05,
    "Metrics/AVE_mean_joints/mean": 0.26244109123945236,
    "Metrics/AVE_mean_joints/conf_interval": 0.0011811981451983746,
    "Metrics/Matching_score/mean": 5.153748106956482,
    "Metrics/Matching_score/conf_interval": 0.010383902411857807,
    "Metrics/gt_Matching_score/mean": 2.979563796520233,
    "Metrics/gt_Matching_score/conf_interval": 0.008413119936456834,
    "Metrics/R_precision_top_1/mean": 0.24369612261652945,
    "Metrics/R_precision_top_1/conf_interval": 0.0019283269804121308,
    "Metrics/R_precision_top_2/mean": 0.39149784445762636,
    "Metrics/R_precision_top_2/conf_interval": 0.0019728285938244035,
    "Metrics/R_precision_top_3/mean": 0.49810344725847244,
    "Metrics/R_precision_top_3/conf_interval": 0.0023881514307657523,
    "Metrics/gt_R_precision_top_1/mean": 0.5133513003587723,
    "Metrics/gt_R_precision_top_1/conf_interval": 0.002347433967697227,
    "Metrics/gt_R_precision_top_2/mean": 0.704030168056488,
    "Metrics/gt_R_precision_top_2/conf_interval": 0.002514891555177853,
    "Metrics/gt_R_precision_top_3/mean": 0.7974676728248596,
    "Metrics/gt_R_precision_top_3/conf_interval": 0.0020277789633663186,
    "Metrics/FID/mean": 7.506953716278076,
    "Metrics/FID/conf_interval": 0.05186226533608725,
    "Metrics/Diversity/mean": 7.572818803787231,
    "Metrics/Diversity/conf_interval": 0.06864268845226999,
    "Metrics/gt_Diversity/mean": 9.460420274734497,
    "Metrics/gt_Diversity/conf_interval": 0.08895520868430717,
    "Metrics/MultiModality/mean": 0.8739661425352097,
    "Metrics/MultiModality/conf_interval": 0.0446499199868411,
    "Metrics/APE_root": [
        0.6988751292228699,
        0.7057710289955139,
        0.7022669315338135,
        0.6937834620475769,
        0.6968190670013428,
        0.6976848840713501,
        0.6984701752662659,
        0.7000539302825928,
        0.6994436383247375,
        0.6980197429656982,
        0.698346734046936,
        0.7075012922286987,
        0.7027177810668945,
        0.6985847353935242,
        0.7064116597175598,
        0.7008693814277649,
        0.6988530158996582,
        0.7066640257835388,
        0.7012479901313782,
        0.6963350176811218
    ],
    "Metrics/APE_traj": [
        0.6806124448776245,
        0.6877366304397583,
        0.6842133402824402,
        0.6757625937461853,
        0.6788621544837952,
        0.6799513101577759,
        0.6809238195419312,
        0.6823663115501404,
        0.6817781329154968,
        0.6801186800003052,
        0.6803180575370789,
        0.6898390054702759,
        0.6851370334625244,
        0.6809624433517456,
        0.6884586811065674,
        0.6831558346748352,
        0.6806097626686096,
        0.6887206435203552,
        0.6833733320236206,
        0.6783620715141296
    ],
    "Metrics/APE_mean_pose": [
        0.13730108737945557,
        0.13710233569145203,
        0.13756389915943146,
        0.1377810537815094,
        0.13752131164073944,
        0.13678474724292755,
        0.13603803515434265,
        0.13681818544864655,
        0.13673442602157593,
        0.13758660852909088,
        0.13751260936260223,
        0.13719648122787476,
        0.13701172173023224,
        0.13681282103061676,
        0.13788919150829315,
        0.13719575107097626,
        0.13760371506214142,
        0.1372237503528595,
        0.13702507317066193,
        0.13768422603607178
    ],
    "Metrics/APE_mean_joints": [
        0.7239410281181335,
        0.7305023670196533,
        0.7270971536636353,
        0.7191643714904785,
        0.7217485308647156,
        0.7224687933921814,
        0.7231891751289368,
        0.7249072194099426,
        0.7243592739105225,
        0.7231012582778931,
        0.723203182220459,
        0.7324619293212891,
        0.7276777625083923,
        0.7234782576560974,
        0.7312515377998352,
        0.7257566452026367,
        0.7237266302108765,
        0.7316829562187195,
        0.7260118722915649,
        0.7214310169219971
    ],
    "Metrics/AVE_root": [
        0.2579019367694855,
        0.26350703835487366,
        0.2588960826396942,
        0.25392958521842957,
        0.25686782598495483,
        0.25658103823661804,
        0.25808846950531006,
        0.25664305686950684,
        0.25772032141685486,
        0.25763142108917236,
        0.2528430223464966,
        0.26324424147605896,
        0.2557908594608307,
        0.25669601559638977,
        0.2618332803249359,
        0.2563748061656952,
        0.25978153944015503,
        0.26100829243659973,
        0.2557561695575714,
        0.2582814693450928
    ],
    "Metrics/AVE_traj": [
        0.2572084367275238,
        0.26282960176467896,
        0.2581905424594879,
        0.25321337580680847,
        0.25616881251335144,
        0.25587227940559387,
        0.257384717464447,
        0.25593817234039307,
        0.2569846510887146,
        0.25693026185035706,
        0.2521238625049591,
        0.26252397894859314,
        0.2550952732563019,
        0.25595027208328247,
        0.2611353397369385,
        0.2557027339935303,
        0.25906533002853394,
        0.26029592752456665,
        0.25502556562423706,
        0.25760358572006226
    ],
    "Metrics/AVE_mean_pose": [
        0.008569484576582909,
        0.00858568400144577,
        0.008523214608430862,
        0.008727934211492538,
        0.008613954298198223,
        0.008648782037198544,
        0.00856149010360241,
        0.008595230989158154,
        0.00860716961324215,
        0.008704406209290028,
        0.00864542555063963,
        0.008587024174630642,
        0.008531398139894009,
        0.00853828713297844,
        0.008581203408539295,
        0.008608593605458736,
        0.00864118430763483,
        0.008590131998062134,
        0.008473232388496399,
        0.00861088652163744
    ],
    "Metrics/AVE_mean_joints": [
        0.2624029815196991,
        0.26771095395088196,
        0.26346462965011597,
        0.25857874751091003,
        0.26134932041168213,
        0.26100215315818787,
        0.26246321201324463,
        0.2608526349067688,
        0.26221922039985657,
        0.2621637284755707,
        0.2572873830795288,
        0.267802894115448,
        0.26036763191223145,
        0.2611084580421448,
        0.2663182318210602,
        0.2609081566333771,
        0.2642183303833008,
        0.2654215395450592,
        0.26029258966445923,
        0.26288902759552
    ],
    "Metrics/Matching_score": [
        5.136674880981445,
        5.142298698425293,
        5.176412105560303,
        5.124416351318359,
        5.168044567108154,
        5.14297342300415,
        5.145267486572266,
        5.108185768127441,
        5.1529951095581055,
        5.201292991638184,
        5.14298677444458,
        5.177711486816406,
        5.168300628662109,
        5.17753791809082,
        5.175896167755127,
        5.158783435821533,
        5.1776862144470215,
        5.110030651092529,
        5.147773265838623,
        5.1396942138671875
    ],