{
    "Metrics/APE_root/mean": 0.6524831295013428,
    "Metrics/APE_root/conf_interval": 0.0018632923883052889,
    "Metrics/APE_traj/mean": 0.6365278631448745,
    "Metrics/APE_traj/conf_interval": 0.0019115300661469424,
    "Metrics/APE_mean_pose/mean": 0.12847472131252288,
    "Metrics/APE_mean_pose/conf_interval": 0.0001893173837251309,
    "Metrics/APE_mean_joints/mean": 0.6758346557617188,
    "Metrics/APE_mean_joints/conf_interval": 0.0018511261699872947,
    "Metrics/AVE_root/mean": 0.24998283982276917,
    "Metrics/AVE_root/conf_interval": 0.0017475766691501303,
    "Metrics/AVE_traj/mean": 0.24953677654266357,
    "Metrics/AVE_traj/conf_interval": 0.0017485120661139826,
    "Metrics/AVE_mean_pose/mean": 0.007066626683808863,
    "Metrics/AVE_mean_pose/conf_interval": 1.81208481753158e-05,
    "Metrics/AVE_mean_joints/mean": 0.25417945683002474,
    "Metrics/AVE_mean_joints/conf_interval": 0.0017502978153836053,
    "Metrics/Matching_score/mean": 6.102597951889038,
    "Metrics/Matching_score/conf_interval": 0.009889038133330417,
    "Metrics/gt_Matching_score/mean": 2.979563796520233,
    "Metrics/gt_Matching_score/conf_interval": 0.008413119936456834,
    "Metrics/R_precision_top_1/mean": 0.18014008551836014,
    "Metrics/R_precision_top_1/conf_interval": 0.0018004130553799416,
    "Metrics/R_precision_top_2/mean": 0.30034482628107073,
    "Metrics/R_precision_top_2/conf_interval": 0.0020390816862370644,
    "Metrics/R_precision_top_3/mean": 0.3935775861144066,
    "Metrics/R_precision_top_3/conf_interval": 0.002616511763495226,
    "Metrics/gt_R_precision_top_1/mean": 0.5133513003587723,
    "Metrics/gt_R_precision_top_1/conf_interval": 0.002347433967697227,
    "Metrics/gt_R_precision_top_2/mean": 0.704030168056488,
    "Metrics/gt_R_precision_top_2/conf_interval": 0.002514891555177853,
    "Metrics/gt_R_precision_top_3/mean": 0.7974676728248596,
    "Metrics/gt_R_precision_top_3/conf_interval": 0.0020277789633663186,
    "Metrics/FID/mean": 18.057741355895995,
    "Metrics/FID/conf_interval": 0.0689184050078817,
    "Metrics/Diversity/mean": 6.637214422225952,
    "Metrics/Diversity/conf_interval": 0.04473457030328882,
    "Metrics/gt_Diversity/mean": 9.460420274734497,
    "Metrics/gt_Diversity/conf_interval": 0.08895520868430717,
    "Metrics/MultiModality/mean": 0.8802381545305252,
    "Metrics/MultiModality/conf_interval": 0.040626277525148434,
    "Metrics/APE_root": [
        0.6562795042991638,
        0.657016932964325,
        0.6428064107894897,
        0.6491135954856873,
        0.6485214829444885,
        0.6576879024505615,
        0.6509444713592529,
        0.6572967767715454,
        0.6532511115074158,
        0.6562817096710205,
        0.6537558436393738,
        0.6511940956115723,
        0.6518504023551941,
        0.6544201374053955,
        0.6532535552978516,
        0.6438007950782776,
        0.6554970145225525,
        0.6531469225883484,
        0.6470680832862854,
        0.656475841999054
    ],
    "Metrics/APE_traj": [
        0.6405209302902222,
        0.6410143375396729,
        0.6264160871505737,
        0.6331050395965576,
        0.6324151158332825,
        0.6419184803962708,
        0.6346551179885864,
        0.6417949795722961,
        0.6373792290687561,
        0.6398975253105164,
        0.6379300951957703,
        0.6356387734413147,
        0.6356317400932312,
        0.6389414072036743,
        0.6370399594306946,
        0.6276905536651611,
        0.6397536396980286,
        0.637323260307312,
        0.631211519241333,
        0.6402794718742371
    ],
    "Metrics/APE_mean_pose": [
        0.12808598577976227,
        0.12842579185962677,
        0.12879642844200134,
        0.12862250208854675,
        0.12842099368572235,
        0.12802088260650635,
        0.1291951984167099,
        0.12789194285869598,
        0.1283671259880066,
        0.1292152851819992,
        0.12877874076366425,
        0.12827901542186737,
        0.12873432040214539,
        0.1275288313627243,
        0.1286340057849884,
        0.1286059021949768,
        0.1280549317598343,
        0.1281762719154358,
        0.12853677570819855,
        0.1291234940290451
    ],
    "Metrics/APE_mean_joints": [
        0.6796354055404663,
        0.6804341077804565,
        0.6666598320007324,
        0.6724179983139038,
        0.6715107560157776,
        0.6810845732688904,
        0.6746707558631897,
        0.6806549429893494,
        0.676375150680542,
        0.6797711849212646,
        0.6769713759422302,
        0.6743794083595276,
        0.6749551892280579,
        0.677489161491394,
        0.6765035390853882,
        0.6670776605606079,
        0.6789423823356628,
        0.6767470240592957,
        0.6705493330955505,
        0.6798633337020874
    ],
    "Metrics/AVE_root": [
        0.253354549407959,
        0.25253263115882874,
        0.24513155221939087,
        0.2438071072101593,
        0.24644704163074493,
        0.2506917119026184,
        0.248353973031044,
        0.25533783435821533,
        0.24968494474887848,
        0.2532716393470764,
        0.2492344081401825,
        0.24730177223682404,
        0.2479305863380432,
        0.25554370880126953,
        0.2472209632396698,
        0.24116477370262146,
        0.2551783323287964,
        0.2528690993785858,
        0.2501929998397827,
        0.2544071674346924
    ],
    "Metrics/AVE_traj": [
        0.25294625759124756,
        0.2520793378353119,
        0.2446965128183365,
        0.24332962930202484,
        0.2460166960954666,
        0.25023460388183594,
        0.2479064166545868,
        0.2548774182796478,
        0.24923086166381836,
        0.2528107464313507,
        0.24878163635730743,
        0.24686020612716675,
        0.24747741222381592,
        0.2551126182079315,
        0.24675431847572327,
        0.24072392284870148,
        0.2547447085380554,
        0.2524578273296356,
        0.24977190792560577,
        0.2539224922657013
    ],
    "Metrics/AVE_mean_pose": [
        0.0069953990168869495,
        0.007081928197294474,
        0.007019223645329475,
        0.0070972745306789875,
        0.007057606242597103,
        0.0070757572539150715,
        0.007120922673493624,
        0.0070342994295060635,
        0.007074409630149603,
        0.007115823682397604,
        0.007079489063471556,
        0.007034016773104668,
        0.00709210429340601,
        0.007024154532700777,
        0.007116962689906359,
        0.007051005028188229,
        0.007043710444122553,
        0.0070030479691922665,
        0.007059445139020681,
        0.00715595344081521
    ],
    "Metrics/AVE_mean_joints": [
        0.257633239030838,
        0.25687894225120544,
        0.24930168688297272,
        0.24799495935440063,
        0.25071460008621216,
        0.25463467836380005,
        0.25270357728004456,
        0.25949978828430176,
        0.25398707389831543,
        0.2574411630630493,
        0.25352832674980164,
        0.2513854205608368,
        0.251938134431839,
        0.25963446497917175,
        0.2513515055179596,
        0.24534793198108673,
        0.25939756631851196,
        0.25721627473831177,
        0.25448334217071533,
        0.25851646065711975
    ],
    "Metrics/Matching_score": [
        6.118946552276611,
        6.069125652313232,
        6.1085004806518555,
        6.113468170166016,
        6.100230693817139,
        6.1079864501953125,
        6.104019641876221,
        6.075077056884766,
        6.073209762573242,
        6.100516319274902,
        6.123337268829346,
        6.08478307723999,
        6.132210731506348,
        6.116812705993652,
        6.084384441375732,
        6.12553071975708,
        6.072032451629639,
        6.0815324783325195,
        6.10365104675293,
        6.1566033363342285
    ],