{
    "Metrics/APE_root/mean": 0.07555734217166901,
    "Metrics/APE_root/conf_interval": 0.00018476120596368047,
    "Metrics/APE_traj/mean": 0.0722657848149538,
    "Metrics/APE_traj/conf_interval": 0.00019330130892616937,
    "Metrics/APE_mean_pose/mean": 0.031243917532265186,
    "Metrics/APE_mean_pose/conf_interval": 1.4160781036169042e-05,
    "Metrics/APE_mean_joints/mean": 0.08451973423361778,
    "Metrics/APE_mean_joints/conf_interval": 0.00018452550939071944,
    "Metrics/AVE_root/mean": 0.020116136875003576,
    "Metrics/AVE_root/conf_interval": 0.00010022621964798719,
    "Metrics/AVE_traj/mean": 0.01998634645715356,
    "Metrics/AVE_traj/conf_interval": 0.00010029050649039448,
    "Metrics/AVE_mean_pose/mean": 0.0014810965745709836,
    "Metrics/AVE_mean_pose/conf_interval": 1.0473206422216167e-06,
    "Metrics/AVE_mean_joints/mean": 0.021599156968295573,
    "Metrics/AVE_mean_joints/conf_interval": 9.846886345164165e-05,
    "Metrics/Matching_score/mean": 3.123449945449829,
    "Metrics/Matching_score/conf_interval": 0.007117889609592246,
    "Metrics/gt_Matching_score/mean": 2.978040075302124,
    "Metrics/gt_Matching_score/conf_interval": 0.00690832857786685,
    "Metrics/R_precision_top_1/mean": 0.4891056001186371,
    "Metrics/R_precision_top_1/conf_interval": 0.0020173239118269123,
    "Metrics/R_precision_top_2/mean": 0.6802909523248672,
    "Metrics/R_precision_top_2/conf_interval": 0.002305247416979793,
    "Metrics/R_precision_top_3/mean": 0.7787392258644104,
    "Metrics/R_precision_top_3/conf_interval": 0.002146275990219349,
    "Metrics/gt_R_precision_top_1/mean": 0.5108836203813553,
    "Metrics/gt_R_precision_top_1/conf_interval": 0.0019168701995567635,
    "Metrics/gt_R_precision_top_2/mean": 0.7024461209774018,
    "Metrics/gt_R_precision_top_2/conf_interval": 0.0020642741221507943,
    "Metrics/gt_R_precision_top_3/mean": 0.7968211233615875,
    "Metrics/gt_R_precision_top_3/conf_interval": 0.0022899859360816363,
    "Metrics/FID/mean": 0.26609970778226855,
    "Metrics/FID/conf_interval": 0.0010139723458288678,
    "Metrics/Diversity/mean": 9.690102529525756,
    "Metrics/Diversity/conf_interval": 0.09902546497849551,
    "Metrics/gt_Diversity/mean": 9.51321201324463,
    "Metrics/gt_Diversity/conf_interval": 0.06262953463380298,
    "Metrics/MultiModality/mean": 0.12374254390597343,
    "Metrics/MultiModality/conf_interval": 0.005830773780264763,
    "Metrics/APE_root": [
        0.0757468119263649,
        0.07531393319368362,
        0.07537490129470825,
        0.07642623782157898,
        0.07638610899448395,
        0.07610838860273361,
        0.07520996034145355,
        0.07578558474779129,
        0.0754794105887413,
        0.07554228603839874,
        0.0754443109035492,
        0.0750725120306015,
        0.075877845287323,
        0.07513930648565292,
        0.07532450556755066,
        0.07518020272254944,
        0.07537449896335602,
        0.07557357847690582,
        0.0759814977645874,
        0.07480496168136597
    ],
    "Metrics/APE_traj": [
        0.07248752564191818,
        0.07199542224407196,
        0.07206261903047562,
        0.07316917926073074,
        0.07314271479845047,
        0.07284753024578094,
        0.07191374152898788,
        0.07249731570482254,
        0.07219898700714111,
        0.07220802456140518,
        0.07217603921890259,
        0.07177145034074783,
        0.07258972525596619,
        0.07181897014379501,
        0.07204008847475052,
        0.07183312624692917,
        0.07206738740205765,
        0.07224707305431366,
        0.072734035551548,
        0.07151474058628082
    ],
    "Metrics/APE_mean_pose": [
        0.031209468841552734,
        0.031244749203324318,
        0.031252965331077576,
        0.031205400824546814,
        0.031184328719973564,
        0.031202053651213646,
        0.031260211020708084,
        0.03128708153963089,
        0.031251780688762665,
        0.03127335384488106,
        0.0312055554240942,
        0.03123447857797146,
        0.03124099224805832,
        0.0312642864882946,
        0.031199796125292778,
        0.031287066638469696,
        0.031291063874959946,
        0.03128502890467644,
        0.03125031664967537,
        0.031248372048139572
    ],
    "Metrics/APE_mean_joints": [
        0.08468101173639297,
        0.08426515012979507,
        0.08437742292881012,
        0.08539097011089325,
        0.08531840145587921,
        0.08507797122001648,
        0.0841287299990654,
        0.0847238227725029,
        0.08450253307819366,
        0.08452916890382767,
        0.08441029489040375,
        0.08406361937522888,
        0.08481696993112564,
        0.08407102525234222,
        0.08433708548545837,
        0.08413033187389374,
        0.08433953672647476,
        0.08452014625072479,
        0.08496742695569992,
        0.08374306559562683
    ],
    "Metrics/AVE_root": [
        0.02002551592886448,
        0.019969763234257698,
        0.0199090838432312,
        0.020523348823189735,
        0.020553652197122574,
        0.020357664674520493,
        0.020117338746786118,
        0.019923584535717964,
        0.02008809521794319,
        0.019879300147294998,
        0.019788365811109543,
        0.020226022228598595,
        0.020181791856884956,
        0.019665846601128578,
        0.02029980719089508,
        0.020028309896588326,
        0.02025667391717434,
        0.020006656646728516,
        0.020155610516667366,
        0.020366305485367775
    ],
    "Metrics/AVE_traj": [
        0.019895115867257118,
        0.019839508458971977,
        0.019776690751314163,
        0.020391302183270454,
        0.020424989983439445,
        0.02022610977292061,
        0.01998986303806305,
        0.019796820357441902,
        0.019959304481744766,
        0.019747791811823845,
        0.019659975543618202,
        0.02009575068950653,
        0.020054223015904427,
        0.01953340508043766,
        0.020171167328953743,
        0.019897818565368652,
        0.020127534866333008,
        0.019877344369888306,
        0.02002617157995701,
        0.020236041396856308
    ],
    "Metrics/AVE_mean_pose": [
        0.0014836752088740468,
        0.001479296712204814,
        0.0014817764749750495,
        0.0014804558595642447,
        0.0014842047821730375,
        0.0014781372155994177,
        0.0014794357120990753,
        0.0014814946334809065,
        0.0014842529781162739,
        0.0014790600398555398,
        0.0014780965866521,
        0.001478870864957571,
        0.0014807134866714478,
        0.0014814941678196192,
        0.0014780528144910932,
        0.001480609062127769,
        0.0014855260960757732,
        0.0014793761074543,
        0.0014857128262519836,
        0.0014816898619756103
    ],
    "Metrics/AVE_mean_joints": [
        0.02148190699517727,
        0.021469108760356903,
        0.021399421617388725,
        0.022001439705491066,
        0.02202933467924595,
        0.021846404299139977,
        0.02162076346576214,
        0.021402912214398384,
        0.021572938188910484,
        0.021397072821855545,
        0.021261584013700485,
        0.02169531024992466,
        0.02172434888780117,
        0.021155033260583878,
        0.02177255228161812,
        0.02152526192367077,
        0.021702749654650688,
        0.02146213874220848,
        0.0216466523706913,
        0.021816205233335495
    ],