{
    "Metrics/APE_root/mean": 0.08966389000415802,
    "Metrics/APE_root/conf_interval": 0.00019850844364794408,
    "Metrics/APE_traj/mean": 0.08572229221463204,
    "Metrics/APE_traj/conf_interval": 0.0002010264583969871,
    "Metrics/APE_mean_pose/mean": 0.03792399615049362,
    "Metrics/APE_mean_pose/conf_interval": 1.2106613568239966e-05,
    "Metrics/APE_mean_joints/mean": 0.10082374401390552,
    "Metrics/APE_mean_joints/conf_interval": 0.00019116290009278387,
    "Metrics/AVE_root/mean": 0.022136708628386258,
    "Metrics/AVE_root/conf_interval": 0.0001407161398246445,
    "Metrics/AVE_traj/mean": 0.02199071357026696,
    "Metrics/AVE_traj/conf_interval": 0.00014074457425612726,
    "Metrics/AVE_mean_pose/mean": 0.0021026782575063407,
    "Metrics/AVE_mean_pose/conf_interval": 1.6116430597680196e-06,
    "Metrics/AVE_mean_joints/mean": 0.024117523152381182,
    "Metrics/AVE_mean_joints/conf_interval": 0.0001383803129894894,
    "Metrics/Matching_score/mean": 3.45715993642807,
    "Metrics/Matching_score/conf_interval": 0.007805571091571291,
    "Metrics/gt_Matching_score/mean": 2.978609824180603,
    "Metrics/gt_Matching_score/conf_interval": 0.0069558804838759855,
    "Metrics/R_precision_top_1/mean": 0.44216595143079757,
    "Metrics/R_precision_top_1/conf_interval": 0.0029667270749530058,
    "Metrics/R_precision_top_2/mean": 0.6337176740169526,
    "Metrics/R_precision_top_2/conf_interval": 0.00197124642124886,
    "Metrics/R_precision_top_3/mean": 0.7379094779491424,
    "Metrics/R_precision_top_3/conf_interval": 0.0025274164810308204,
    "Metrics/gt_R_precision_top_1/mean": 0.5126293122768402,
    "Metrics/gt_R_precision_top_1/conf_interval": 0.002982342971446294,
    "Metrics/gt_R_precision_top_2/mean": 0.7018642246723175,
    "Metrics/gt_R_precision_top_2/conf_interval": 0.002054963763601324,
    "Metrics/gt_R_precision_top_3/mean": 0.7967456936836242,
    "Metrics/gt_R_precision_top_3/conf_interval": 0.001988019280555462,
    "Metrics/FID/mean": 1.1753755271434785,
    "Metrics/FID/conf_interval": 0.003028182902878432,
    "Metrics/Diversity/mean": 9.385579442977905,
    "Metrics/Diversity/conf_interval": 0.08425542069140103,
    "Metrics/gt_Diversity/mean": 9.458375597000122,
    "Metrics/gt_Diversity/conf_interval": 0.07637819266894338,
    "Metrics/MultiModality/mean": 0.20557630881667138,
    "Metrics/MultiModality/conf_interval": 0.009536461403747079,
    "Metrics/APE_root": [
        0.08992118388414383,
        0.08903074264526367,
        0.08967964351177216,
        0.0910305455327034,
        0.0896998792886734,
        0.08942004293203354,
        0.08991934359073639,
        0.08934702724218369,
        0.08914398401975632,
        0.09008485078811646,
        0.08969856053590775,
        0.08956239372491837,
        0.09003543108701706,
        0.08943856507539749,
        0.0899132713675499,
        0.08934850990772247,
        0.08931530267000198,
        0.08989991247653961,
        0.08984679728746414,
        0.08894181251525879
    ],
    "Metrics/APE_traj": [
        0.08595957607030869,
        0.08504770696163177,
        0.08573609590530396,
        0.0870862826704979,
        0.0857766717672348,
        0.08548978716135025,
        0.08597148954868317,
        0.08544851094484329,
        0.0851699709892273,
        0.08616188913583755,
        0.08575862646102905,
        0.0856141671538353,
        0.08608922362327576,
        0.08546201139688492,
        0.08597130328416824,
        0.08540686219930649,
        0.08538737893104553,
        0.08598338067531586,
        0.08593738824129105,
        0.08498752117156982
    ],
    "Metrics/APE_mean_pose": [
        0.03792636841535568,
        0.037992071360349655,
        0.03793085739016533,
        0.03790787234902382,
        0.037934809923172,
        0.03793657198548317,
        0.037931088358163834,
        0.0378810279071331,
        0.037949930876493454,
        0.037911683320999146,
        0.037932757288217545,
        0.037931255996227264,
        0.037869177758693695,
        0.037946440279483795,
        0.03792734071612358,
        0.03793448582291603,
        0.037923574447631836,
        0.037893518805503845,
        0.03787628561258316,
        0.037942804396152496
    ],
    "Metrics/APE_mean_joints": [
        0.1010356992483139,
        0.10022880882024765,
        0.10084666311740875,
        0.10215719044208527,
        0.10083650052547455,
        0.10063689202070236,
        0.10099666565656662,
        0.10057007521390915,
        0.10034631937742233,
        0.10121071338653564,
        0.10079655796289444,
        0.10073485225439072,
        0.10117731243371964,
        0.10056360065937042,
        0.10116010904312134,
        0.10053709149360657,
        0.10049757361412048,
        0.10102717578411102,
        0.10102357715368271,
        0.10009150207042694
    ],
    "Metrics/AVE_root": [
        0.02188654989004135,
        0.02176579087972641,
        0.02240297757089138,
        0.022946126759052277,
        0.022262215614318848,
        0.022237129509449005,
        0.022263754159212112,
        0.021589329466223717,
        0.022248467430472374,
        0.0222182534635067,
        0.022248461842536926,
        0.0221873726695776,
        0.02217433974146843,
        0.021938690915703773,
        0.02268197201192379,
        0.021825091913342476,
        0.021720485761761665,
        0.021994804963469505,
        0.022318894043564796,
        0.021823463961482048
    ],
    "Metrics/AVE_traj": [
        0.021739298477768898,
        0.021621497347950935,
        0.02225630171597004,
        0.022800259292125702,
        0.022115452215075493,
        0.02209373563528061,
        0.0221201591193676,
        0.02144508622586727,
        0.022102944552898407,
        0.022070324048399925,
        0.02210206352174282,
        0.022043941542506218,
        0.022024989128112793,
        0.0217914879322052,
        0.0225380789488554,
        0.021682975813746452,
        0.02157309092581272,
        0.021846361458301544,
        0.022170884534716606,
        0.021675338968634605
    ],
    "Metrics/AVE_mean_pose": [
        0.0021043196320533752,
        0.002099074190482497,
        0.002104282844811678,
        0.0021074519027024508,
        0.0021030709613114595,
        0.0021008900366723537,
        0.0021020241547375917,
        0.002094089053571224,
        0.002101303543895483,
        0.0021093792747706175,
        0.0021042705047875643,
        0.0021048893686383963,
        0.002098220633342862,
        0.0021008853800594807,
        0.002098290016874671,
        0.0021012574434280396,
        0.002106386935338378,
        0.0021011901553720236,
        0.0021087205968797207,
        0.002103568520396948
    ],
    "Metrics/AVE_mean_joints": [
        0.023867448791861534,
        0.023758910596370697,
        0.024348119273781776,
        0.024930685758590698,
        0.02421153523027897,
        0.024234840646386147,
        0.02426157332956791,
        0.02357276901602745,
        0.024232055991888046,
        0.02421114593744278,
        0.024231232702732086,
        0.02412518858909607,
        0.024175887927412987,
        0.023913782089948654,
        0.024647116661071777,
        0.023804539814591408,
        0.02372141182422638,
        0.023981483653187752,
        0.024292800575494766,
        0.02382793463766575
    ],
    "Metrics/Matching_score": [
        3.4930121898651123,
        3.476409435272217,
        3.422274112701416,
        3.4779164791107178,
        3.4567267894744873,
        3.452197790145874,
        3.4355123043060303,
        3.4676759243011475,
        3.4569480419158936,
        3.4530463218688965,
        3.4420602321624756,
        3.4628896713256836,
        3.4568183422088623,
        3.4487411975860596,
        3.451369285583496,
        3.457327127456665,
        3.491945743560791,
        3.45013427734375,
        3.4292330741882324,
        3.4609603881835938
    ],