{
    "Metrics/APE_root/mean": 0.8696912139654159,
    "Metrics/APE_root/conf_interval": 0.0023718512590257773,
    "Metrics/APE_traj/mean": 0.8445244759321213,
    "Metrics/APE_traj/conf_interval": 0.0023838512738397952,
    "Metrics/APE_mean_pose/mean": 0.15485982745885848,
    "Metrics/APE_mean_pose/conf_interval": 0.00019034069986260794,
    "Metrics/APE_mean_joints/mean": 0.8921195596456528,
    "Metrics/APE_mean_joints/conf_interval": 0.0023439027130132575,
    "Metrics/AVE_root/mean": 0.42707984447479247,
    "Metrics/AVE_root/conf_interval": 0.0013909980473000958,
    "Metrics/AVE_traj/mean": 0.42670896351337434,
    "Metrics/AVE_traj/conf_interval": 0.0013912052748038235,
    "Metrics/AVE_mean_pose/mean": 0.00849850825034082,
    "Metrics/AVE_mean_pose/conf_interval": 1.0954859729511361e-05,
    "Metrics/AVE_mean_joints/mean": 0.43406514525413514,
    "Metrics/AVE_mean_joints/conf_interval": 0.0014114204996799361,
    "Metrics/Matching_score/mean": 8.365098237991333,
    "Metrics/Matching_score/conf_interval": 0.013643541984379991,
    "Metrics/gt_Matching_score/mean": 2.979563796520233,
    "Metrics/gt_Matching_score/conf_interval": 0.008413119936456834,
    "Metrics/R_precision_top_1/mean": 0.05751077551394701,
    "Metrics/R_precision_top_1/conf_interval": 0.0015216499889338,
    "Metrics/R_precision_top_2/mean": 0.10859913788735867,
    "Metrics/R_precision_top_2/conf_interval": 0.0018657833088058869,
    "Metrics/R_precision_top_3/mean": 0.1556788794696331,
    "Metrics/R_precision_top_3/conf_interval": 0.002002855413177838,
    "Metrics/gt_R_precision_top_1/mean": 0.5133513003587723,
    "Metrics/gt_R_precision_top_1/conf_interval": 0.002347433967697227,
    "Metrics/gt_R_precision_top_2/mean": 0.704030168056488,
    "Metrics/gt_R_precision_top_2/conf_interval": 0.002514891555177853,
    "Metrics/gt_R_precision_top_3/mean": 0.7974676728248596,
    "Metrics/gt_R_precision_top_3/conf_interval": 0.0020277789633663186,
    "Metrics/FID/mean": 11.073262214660645,
    "Metrics/FID/conf_interval": 0.058191401090482014,
    "Metrics/Diversity/mean": 7.667995095252991,
    "Metrics/Diversity/conf_interval": 0.09186867933052703,
    "Metrics/gt_Diversity/mean": 9.460420274734497,
    "Metrics/gt_Diversity/conf_interval": 0.08895520868430717,
    "Metrics/MultiModality/mean": 1.737142300605774,
    "Metrics/MultiModality/conf_interval": 0.10454049028224588,
    "Metrics/APE_root": [
        0.8720489740371704,
        0.8665212392807007,
        0.8626807332038879,
        0.871353268623352,
        0.8676643967628479,
        0.8715961575508118,
        0.8791490793228149,
        0.8744227290153503,
        0.8727182149887085,
        0.8630794882774353,
        0.8686677813529968,
        0.875423789024353,
        0.8629850149154663,
        0.8673985004425049,
        0.8650211691856384,
        0.8630235195159912,
        0.8749816417694092,
        0.8751872181892395,
        0.8782289028167725,
        0.8616724610328674
    ],
    "Metrics/APE_traj": [
        0.8468982577323914,
        0.8413820862770081,
        0.8376985788345337,
        0.8463631272315979,
        0.842503547668457,
        0.8469951152801514,
        0.853844940662384,
        0.8491108417510986,
        0.8477615714073181,
        0.8371278047561646,
        0.8436410427093506,
        0.8500819206237793,
        0.837634265422821,
        0.8424930572509766,
        0.8399290442466736,
        0.8378555178642273,
        0.849679708480835,
        0.8500303626060486,
        0.8530089855194092,
        0.8364497423171997
    ],
    "Metrics/APE_mean_pose": [
        0.15477538108825684,
        0.15458697080612183,
        0.154640331864357,
        0.15511344373226166,
        0.1551084667444229,
        0.1536685675382614,
        0.1547296792268753,
        0.15542222559452057,
        0.1541166752576828,
        0.15541580319404602,
        0.15515774488449097,
        0.15513096749782562,
        0.15476557612419128,
        0.15520821511745453,
        0.1545945405960083,
        0.15471935272216797,
        0.15513651072978973,
        0.15475447475910187,
        0.15548759698867798,
        0.1546640247106552
    ],
    "Metrics/APE_mean_joints": [
        0.8946213722229004,
        0.8889404535293579,
        0.8853256106376648,
        0.8934563994407654,
        0.8902729749679565,
        0.8938013315200806,
        0.9012364745140076,
        0.8969791531562805,
        0.8950311541557312,
        0.8860152363777161,
        0.8911167979240417,
        0.8978217244148254,
        0.8856579065322876,
        0.8898908495903015,
        0.8873633742332458,
        0.8849611282348633,
        0.8971939086914062,
        0.8979560136795044,
        0.9005895853042603,
        0.8841597437858582
    ],
    "Metrics/AVE_root": [
        0.4278183877468109,
        0.4242743253707886,
        0.4205206036567688,
        0.43039214611053467,
        0.4260697364807129,
        0.42875248193740845,
        0.4306701421737671,
        0.4283023476600647,
        0.4282943904399872,
        0.4214239716529846,
        0.4229947328567505,
        0.42896583676338196,
        0.4252350628376007,
        0.43073052167892456,
        0.42325547337532043,
        0.42862823605537415,
        0.43057018518447876,
        0.4309656620025635,
        0.428600549697876,
        0.4251320958137512
    ],
    "Metrics/AVE_traj": [
        0.42743703722953796,
        0.4239005446434021,
        0.42014461755752563,
        0.4300183653831482,
        0.4257148802280426,
        0.4283791184425354,
        0.4302807152271271,
        0.42796221375465393,
        0.4279082119464874,
        0.42103132605552673,
        0.42262786626815796,
        0.42856675386428833,
        0.42486417293548584,
        0.4303763806819916,
        0.42287853360176086,
        0.42827948927879333,
        0.4301699101924896,
        0.43062177300453186,
        0.4282144010066986,
        0.4248029589653015
    ],
    "Metrics/AVE_mean_pose": [
        0.008485015481710434,
        0.008495179936289787,
        0.008505751378834248,
        0.00850862916558981,
        0.008504178375005722,
        0.008426100015640259,
        0.008483034558594227,
        0.008539838716387749,
        0.008491141721606255,
        0.00850747711956501,
        0.008507649414241314,
        0.008511291816830635,
        0.008479072712361813,
        0.00853236485272646,
        0.008474905043840408,
        0.008537816815078259,
        0.00849380623549223,
        0.008510104380548,
        0.00850507989525795,
        0.00847172737121582
    ],
    "Metrics/AVE_mean_joints": [
        0.4347474277019501,
        0.4312053620815277,
        0.42731112241744995,
        0.43740248680114746,
        0.4330146908760071,
        0.43581804633140564,
        0.4377928674221039,
        0.43539172410964966,
        0.4353236258029938,
        0.4283563494682312,
        0.42991185188293457,
        0.4360443651676178,
        0.43224436044692993,
        0.4375278949737549,
        0.430249959230423,
        0.4355899393558502,
        0.43749022483825684,
        0.4380723237991333,
        0.4357515871524811,
        0.4320566952228546
    ],
    "Metrics/Matching_score": [
        8.353221893310547,
        8.38000774383545,
        8.328593254089355,
        8.407060623168945,
        8.345026969909668,
        8.31301498413086,
        8.400498390197754,
        8.418689727783203,
        8.400654792785645,
        8.316469192504883,
        8.359414100646973,
        8.364331245422363,
        8.330910682678223,
        8.367537498474121,
        8.334479331970215,
        8.380611419677734,
        8.39562702178955,
        8.35043716430664,
        8.402242660522461,
        8.35313606262207
    ],